{
  "version": 1,
  "author": "Anonymous maker",
  "editor": "wokwi",
  "parts": [
    { "type": "wokwi-arduino-nano", "id": "nano", "top": 43.2, "left": -144.5, "attrs": {} },
    {
      "type": "wokwi-led",
      "id": "led1",
      "top": -99.6,
      "left": -101.8,
      "attrs": { "color": "red" }
    },
    {
      "type": "wokwi-led",
      "id": "led2",
      "top": -99.6,
      "left": -197.8,
      "attrs": { "color": "green" }
    },
    {
      "type": "wokwi-led",
      "id": "led3",
      "top": -99.6,
      "left": -149.8,
      "attrs": { "color": "yellow" }
    },
    { "type": "chip-gps", "id": "chip1", "top": -56.58, "left": 14.4, "attrs": {} },
    {
      "type": "wokwi-lcd1602",
      "id": "lcd1",
      "top": -12.8,
      "left": 207.2,
      "attrs": { "pins": "i2c" }
    },
    {
      "type": "wokwi-resistor",
      "id": "r1",
      "top": -34.1,
      "left": -97.05,
      "rotate": 90,
      "attrs": { "value": "220" }
    },
    {
      "type": "wokwi-resistor",
      "id": "r2",
      "top": -34.1,
      "left": -145.05,
      "rotate": 90,
      "attrs": { "value": "220" }
    },
    {
      "type": "wokwi-resistor",
      "id": "r3",
      "top": -34.1,
      "left": -193.05,
      "rotate": 90,
      "attrs": { "value": "220" }
    }
  ],
  "connections": [
    [ "chip1:TX", "nano:4", "green", [ "h-48", "v0", "h-19.2" ] ],
    [ "chip1:RX", "nano:3", "orange", [ "h-38.4", "v0", "h-19.2" ] ],
    [ "chip1:GND", "nano:GND.2", "black", [ "v57.6", "h11.41" ] ],
    [ "led1:C", "nano:GND.2", "black", [ "v76.8", "h67.6" ] ],
    [ "led3:C", "nano:GND.2", "black", [ "v76.8", "h115.6" ] ],
    [ "led2:C", "nano:GND.2", "black", [ "v76.8", "h163.6" ] ],
    [ "chip1:VCC", "nano:GND.1", "red", [ "h21.01", "v172.8", "h-144" ] ],
    [ "lcd1:GND", "nano:GND.2", "black", [ "h-230.4" ] ],
    [ "lcd1:SDA", "nano:A4", "white", [ "h-28.8", "v115.4", "h-240" ] ],
    [ "lcd1:SCL", "nano:A5", "orange", [ "h-19.2", "v115.5", "h-240" ] ],
    [ "lcd1:VCC", "nano:GND.1", "red", [ "h-38.4", "v0.1", "h-28.8", "v96", "h-144" ] ],
    [ "r1:1", "led1:A", "green", [ "h0" ] ],
    [ "r2:1", "led3:A", "green", [ "h0" ] ],
    [ "led2:A", "r3:1", "green", [ "v0" ] ],
    [ "r3:2", "nano:10", "green", [ "v27.6", "h57.6" ] ],
    [ "r2:2", "nano:9", "gold", [ "v8.4", "h19.2" ] ],
    [ "r1:2", "nano:8", "red", [ "v27.6", "h-19.2" ] ]
  ],
  "dependencies": {}
}